Nome struttura;Indirizzo;Tipo struttura;Note
Manticus Resort;Via Piemonte 12, 37012 Bussolengo (VR);Locazione turistica;https://manticusresortverona.business.site/
Casa vacanza Francesca ;Via Caduti di Villa Maria 1, 37012 Bussolengo (VR);Casa vacanza;
Residenza Agnello D'Oro;Corso Giuseppe Mazzini 11/13, 37012 Bussolengo (VR);Struttura ricettiva extra alberghiera;http://www.residenzagnellodoro.it/41.html
Hotel Krystal;Via Dante Alighieri 8, 37012 Bussolengo (VR);Albergo, Villaggio albergo, Albergo diffuso Residenze turistiche alberghiere Campeggi, villaggi turistici;http://www.hotelkrystal.com/
Alla Passeggiata;Largo Salvo D'Acquisto 11, 37012 Bussolengo (VR);Affittacamere;http://www.allapasseggiata.com/
B&B Corte dei Cedri;Via Erino Girelli 8, 37012 Bussolengo (VR);Bed and Breakfast;http://bbcortedeicedri.com/
Hotel Centro Turistico Gardesano;Via Pastrengo 69, 37012 Bussolengo (VR);Albergo, Villaggio albergo, Albergo diffuso Residenze turistiche alberghiere Campeggi, villaggi turistici;http://hotelgardesano.it/
B&B Art;Lungadige Trento 36, 37012 Bussolengo (VR);Bed and Breakfast;
B&B Girelli Sorelle;Località  Zamboni 120, 37012 Bussolengo (VR);Bed and Breakfast;http://www.girellisorelle.it/
Residence Cà di Capri;Località  Cà  di Capri 98, 37012 Bussolengo (VR);Locazione turistica;http://www.residencecadicapri.it
Albergo Trattoria Ai Perseghi;Piazzale Vittorio Veneto 11, 37012 Bussolengo (VR);Albergo, Villaggio albergo, Albergo diffuso Residenze turistiche alberghiere Campeggi, villaggi turistici;http://www.albergoaiperseghi.it
B&B La Gerla Verona;Località  Madonnina 189, 37012 Bussolengo (VR);Bed and Breakfast;http://www.lagerlaverona.com/
Agriturismo San Salvar;Via S. Salvar 33, 37012 Bussolengo (VR);Agriturismo;http://www.agriturismosansalvar.it/
Agriturismo Casa Aurora;Via Aurora 15, 37012 Bussolengo  (VR);Agriturismo;http://www.agriturismocasaaurora.com/
B&B Agli Ulivi;Via Aurora 19/a, 37012 Bussolengo (VR);Bed and Breakfast;
Casa dell'Oca;Località  Oca 55, 37012 Bussolengo  (VR);Locazione turistica;
B&B Il Tramonto;Località  Oca 55/a, 37012 Bussolengo (VR);Bed and Breakfast;
La Colombarola;Via Aurora 9/a, 37012 Bussolengo (VR);Locazione turistica;http://www.lacolombarola.eu
Albergo Roma srl;Via G. Matteotti  8, 37012 bussolengo (vr);Albergo, Villaggio albergo, Albergo diffuso Residenze turistiche alberghiere Campeggi, villaggi turistici;
Residenza Cà di Capri;Località  Cà  Di Capri 98, 37012 Bussolengo (VR);Affittacamere;http://www.albergoromavr.it
Relais Corte Mastella;Via Dei Prati 50, 37012 Bussolengo (VR);Locazione turistica;http://www.residencecadicapri.it
Style Apartment tra Verona e il Lago di Garda;Via Carducci 5, 37012 Bussolengo (VR);Locazione turistica;http://www.cortemastella.it
Agriturismo Orlandi;Località  Quaiara, 163 Bussolengo (VR);Agriturismo;http://www.intouristitaly.it
Romantic Location Gardalake & Pool;Località  Prussiana 101a, 37012 Bussolengo (VR);Bed and Breakfast;http://www.agriturismoorlandi.it
B&B l'Upupa;Via Umberto Nobile 100, 37012 Bussolengo (VR);Bed and Breakfast;
"Casa Citella ""Alloggio Turistico""";Via Citella 19, 37012 Bussolengo (vr);Affittacamere;http://www.bbupupaverona.com
Il Giogo Agricamping;Strada Festara 21, 37012 BUSSOLENGO (VR);Albergo, Villaggio albergo, Albergo diffuso Residenze turistiche alberghiere Campeggi, villaggi turistici;https://www.casacitella.it/
B&B Milu';Via Rovereto 12, 37012 BUSSOLENGO (vr);Bed and Breakfast;http://www.agricolailgiogo.com
Bed and Breakfast For You;Via Emilia Romagna 5, 37012 Bussolengo (Vr);Locazione turistica;http://www.bedbreakfastmilu.it/
Corte Rosantico;Località  Crocioni 59, 37012 Bussolengo (VR);Affittacamere;https://immobiliareferlina32.it
Residenza Redipuglia;Via Redipuglia 21, 37012 Bussolengo (VR);Locazione turistica;
Il portico 9;Via Ippolito Nievo, 9, 37012 Bussolengo VR;Locazione turistica;http://corterosanticoverona.com/
Villa Belcamin ;Località Belcamin 60, 37012 Bussolengo (Vr);Locazione turistica;
Verona Lago B&B Accessibile;Vicolo Murici 1C, 37012 Bussolengo (VR);Bed and Breakfast;
LE COLLINE DEL GARDA;VIA PASTRENGO 85, 37132 BUSSOLENGO (VR);Albergo, Villaggio albergo, Albergo diffuso Residenze turistiche alberghiere Campeggi, villaggi turistici;
Casa San Valentino;Via Polda 13, 37012 Bussolengo (VR);Locazione turistica;
Villa San Martino;Via San Martino 36, 37012 Bussolengo (vr);Locazione turistica;
Gabanel Bike Hostel;Località Gabanel 120, 37012 Bussolengo (VR);Casa vacanza;
Girelli Garden;Località Girelli 152, 37012 Bussolengo (VR);Locazione turistica;
HOME STADIO;Via Dello Stadio 8, 37012 Bussolengo (VR);Locazione turistica;
Montresor Hotel Tower;Via Mantegna 30a, 37012 Bussolengo  (VR);Albergo, Villaggio albergo, Albergo diffuso Residenze turistiche alberghiere Campeggi, villaggi turistici;http://www.gabanel.it/
Casa Vacanze Francesca;Via Caduti di Villa Maria, 1, 37012 Bussolengo (VR);Casa vacanza;
The Orange Flat;Viale Foro Boario 29A, 37012 Bussolengo (VR);Casa vacanza;
Colazione Da Tiffany ;Via Virgilio 13, 37012 Bussolengo (VR);Locazione turistica;http://www.montresorgroup.com
ANTIGONEA;Località  Crocioni 61, 37012 bussolengo (vr);Struttura ricettiva extra alberghiera;
IVG517;Via Carlo Ederle 13, 37012 bussolengo (vr);Casa vacanza;
GIOMA4;Via Gardesana 105, 37012 Bussolengo (VR);Locazione turistica;
Alla Passeggiata;Largo Salvo D'Acquisto 11, 37012 Bussolengo (VR);Affittacamere;
